Category,heart_rate_impact,battery_impact,sensor_count_impact
Fitness Tracker,-0.011992980002339167,0.10327787256405176,0.049350716512307331
Sports Watch,0.035897991629574473,0.25541742355270863,-0.015080236972552419
Smart Ring,0.060021802456971383,0.0010377072019885497,0.020835060543127545
Fitness Band,-0.021289780956596411,-0.019105657737939589,0.10019373199614828
Smartwatch,-0.00877414120834423,0.13730248969438341,0.040012190606407531